

[
    {  
        "muniId":0,
        "allMuni":[
            {"id":100, "nombre":"Boaco" },
            {"id":101, "nombre":"Camoapa"},
            {"id":102, "nombre":"San José de los Remates"},
            {"id":103, "nombre":"San Lorenzo"},
            {"id":104, "nombre":"Santa Lucía"},
            {"id":105, "nombre":"Teustepe"}
        ]
    },
    {  
        "muniId":1,
        "allMuni":[
            {"id":106, "nombre":"Diriamba"},
            {"id":107, "nombre":"Dolores"},
            {"id":108, "nombre":"El Rosario"},
            {"id":109, "nombre":"Jinotepe"},
            {"id":110, "nombre":"La Conquista"},
            {"id":111, "nombre":"La Paz de Oriente"},
            {"id":112, "nombre":"San Marcos"},
            {"id":113, "nombre":"Santa Teresa"}
        ]
    },
    {  
        "muniId":2,
        "allMuni":[
            {"id":114, "nombre":"Chichigalpa"},
            {"id":115, "nombre":"Chinandega"},
            {"id":116, "nombre":"Cinco Pinos"},
            {"id":117, "nombre":"Corinto"},
            {"id":118, "nombre":"El Realejo"},
            {"id":119, "nombre":"El Viejo"},
            {"id":120, "nombre":"Posoltega"},
            {"id":121, "nombre":"Puerto Morazán"},
            {"id":122, "nombre":"San Francisco del Norte"},
            {"id":123, "nombre":"San Pedro del Norte"},
            {"id":124, "nombre":"Santo Tomás del Norte"},
            {"id":125, "nombre":"Somotillo"},
            {"id":126, "nombre":"Villanueva"}
        ]
    },
    {  
        "muniId":3,
        "allMuni":[
            {"id":127, "nombre":"Acoyapa"},
            {"id":128, "nombre":"Comalapa"},
            {"id":129, "nombre":"Cuapa"},
            {"id":130, "nombre":"El Coral"},
            {"id":131, "nombre":"Juigalpa"},
            {"id":132, "nombre":"La Libertad"},
            {"id":133, "nombre":"San Pedro de Lóvago"},
            {"id":134, "nombre":"Santo Domingo"},
            {"id":135, "nombre":"Santo Tomás"},
            {"id":136, "nombre":"Villa Sandino"}
        ]
    },
    {  
        "muniId":4,
        "allMuni":[
            {"id":137, "nombre":"Bonanza"},
            {"id":138, "nombre":"Mulukukú"},
            {"id":139, "nombre":"Prinzapolka"},
            {"id":140, "nombre":"Puerto Cabezas"},
            {"id":141, "nombre":"Rosita"},
            {"id":142, "nombre":"Siuna"},
            {"id":143, "nombre":"Waslala"},
            {"id":144, "nombre":"Waspán"}
        ]
    },
    {  
        "muniId":5,
        "allMuni":[
            {"id":145, "nombre":"Bluefields"},
            {"id":146, "nombre":"Desembocadura de Río Grande"},
            {"id":147, "nombre":"El Ayote"},
            {"id":148, "nombre":"El Rama"},
            {"id":149, "nombre":"El Tortuguero"},
            {"id":150, "nombre":"Islas del Maíz"},
            {"id":151, "nombre":"Kukra Hill"},
            {"id":152, "nombre":"La Cruz de Río Grande"},
            {"id":153, "nombre":"Laguna de Perlas"},
            {"id":154, "nombre":"Muelle de los Bueyes"},
            {"id":155, "nombre":"Nueva Guinea"},
            {"id":156, "nombre":"Paiwas"}
        ]
    },
    {  
        "muniId":6,
        "allMuni":[
            {"id":157, "nombre":"Condega"},
            {"id":158, "nombre":"Estelí"},
            {"id":159, "nombre":"La Trinidad"},
            {"id":160, "nombre":"Pueblo Nuevo"},
            {"id":161, "nombre":"El Tortuguero"},
            {"id":162, "nombre":"San Juan de Limay"},
            {"id":163, "nombre":"San Nicolás"}
        ]
    },
    {  
        "muniId":7,
        "allMuni":[
            {"id":164, "nombre":"Diriá"},
            {"id":165, "nombre":"Diriomo"},
            {"id":166, "nombre":"Granada"},
            {"id":167, "nombre":"Nandaime"}
        ]
    },
    {  
        "muniId":8,
        "allMuni":[
            {"id":168, "nombre":"El Cuá"},
            {"id":169, "nombre":"Jinotega"},
            {"id":170, "nombre":"La Concordia"},
            {"id":171, "nombre":"San José de Bocay"},
            {"id":172, "nombre":"San Rafael del Norte"},
            {"id":173, "nombre":"San Sebastián de Yalí"},
            {"id":174, "nombre":"Santa María de Pantasma"},
            {"id":175, "nombre":"Wiwilí de Jinotega"}
        ]
    },
    {  
        "muniId":9,
        "allMuni":[
            {"id":176, "nombre":"Achuapa"},
            {"id":177, "nombre":"El Jicaral"},
            {"id":178, "nombre":"El Sauce"},
            {"id":179, "nombre":"La Paz Centro"},
            {"id":180, "nombre":"Larreynaga"},
            {"id":181, "nombre":"León"},
            {"id":182, "nombre":"Nagarote"},
            {"id":183, "nombre":"Quezalguaque"},
            {"id":184, "nombre":"Santa Rosa del Peñón"},
            {"id":185, "nombre":"Telica"}
        ]
    },
    {  
        "muniId":10,
        "allMuni":[
            {"id":186, "nombre":"Las Sabanas"},
            {"id":187, "nombre":"Palacagüina"},
            {"id":188, "nombre":"San José de Cusmapa"},
            {"id":189, "nombre":"San Juan de Río Coco"},
            {"id":190, "nombre":"San Lucas"},
            {"id":191, "nombre":"Somoto"},
            {"id":192, "nombre":"Telpaneca"},
            {"id":193, "nombre":"Totogalpa"},
            {"id":194, "nombre":"Yalagüina"}
        ]
    },
    {  
        "muniId":11,
        "allMuni":[
            {"id":195, "nombre":"Ciudad Sandino"},
            {"id":196, "nombre":"El Crucero"},
            {"id":197, "nombre":"Managua"},
            {"id":198, "nombre":"Mateare"},
            {"id":199, "nombre":"San Francisco Libre"},
            {"id":200, "nombre":"San Rafael del Sur"},
            {"id":201, "nombre":"Telpaneca"},
            {"id":202, "nombre":"Ticuantepe"},
            {"id":203, "nombre":"Tipitapa"},
            {"id":204, "nombre":"Villa El Carmen"},
            {"id":205, "nombre":"Ciudad El Doral"}
        ]
    },
    {  
        "muniId":12,
        "allMuni":[
            {"id":0, "nombre":"Catarina"},
            {"id":1, "nombre":"La Concepción"},
            {"id":2, "nombre":"Masatepe"},
            {"id":3, "nombre":"Masaya"},
            {"id":4, "nombre":"Nandasmo"},
            {"id":5, "nombre":"Nindirí"},
            {"id":6, "nombre":"Niquinohomo"},
            {"id":7, "nombre":"San Juan de Oriente"},
            {"id":8, "nombre":"Tisma"}
        ]
    },
    {  
        "muniId":13,
        "allMuni":[
            {"id":0, "nombre":"Ciudad Darío"},
            {"id":1, "nombre":"El Tuma - La Dalia"},
            {"id":2, "nombre":"Esquipulas"},
            {"id":3, "nombre":"Matagalpa"},
            {"id":4, "nombre":"Matiguás"},
            {"id":5, "nombre":"Muy Muy"},
            {"id":6, "nombre":"Rancho Grande"},
            {"id":7, "nombre":"Río Blanco"},
            {"id":8, "nombre":"San Dionisio"},
            {"id":9, "nombre":"San Isidro"},
            {"id":10, "nombre":"San Ramón"},
            {"id":11, "nombre":"Sébaco"},
            {"id":12, "nombre":"Terrabona"}
        ]
    },
    {  
        "muniId":14,
        "allMuni":[
            {"id":0, "nombre":"Ciudad Antigua"},
            {"id":1, "nombre":"Dipilto"},
            {"id":2, "nombre":"El Jícaro"},
            {"id":3, "nombre":"Jalapa"},
            {"id":4, "nombre":"Macuelizo"},
            {"id":5, "nombre":"Mozonte"},
            {"id":6, "nombre":"Murra"},
            {"id":7, "nombre":"Ocotal"},
            {"id":8, "nombre":"Quilalí"},
            {"id":9, "nombre":"San Fernando"},
            {"id":10, "nombre":"Santa María"},
            {"id":11, "nombre":"Wiwilí"}
        ]
    },
    {  
        "muniId":15,
        "allMuni":[
            {"id":0, "nombre":"El Almendro"},
            {"id":1, "nombre":"El Castillo"},
            {"id":2, "nombre":"Morrito"},
            {"id":3, "nombre":"San Carlos"},
            {"id":4, "nombre":"San Juan del Norte"},
            {"id":5, "nombre":"San Miguelito"}
        ]
    }
    ,
    {  
        "muniId":16,
        "allMuni":[
            {"id":0, "nombre":"Altagracia"},
            {"id":1, "nombre":"Belén"},
            {"id":2, "nombre":"Cárdenas"},
            {"id":3, "nombre":"Moyogalpa"},
            {"id":4, "nombre":"Potosí"},
            {"id":5, "nombre":"Rivas"},
            {"id":6, "nombre":"San Jorge"},
            {"id":7, "nombre":"San Juan del Sur"},
            {"id":8, "nombre":"Tola"}
        ]
    }
]