[
    {  
        "BOCAO":"BOCAO",
        "tiendaId":100,
        "allTiendas":[
            {
                "id":0, "nombre":"Tienda Pedro Market",
                "position": {
                    "lat":  12.25632,
                    "lng": -85.642887
                  },
                  "horarios": {
                    "lu": "6:00 am 10:00 pm",
                    "ma": "6:00 am 10:00 pm",
                    "mi": "6:00 am 10:00 pm",
                    "ju": "6:00 am 10:00 pm",
                    "vi": "6:00 am 12:00 pm",
                    "sa": "6:00 am 12:00 pm",
                    "do": "6:00 am 10:00 pm"
                  }
            },
            {
                "id":1, "nombre":"Pulperia Socorro",
                "position": {
                    "lat": 12.37804,
                    "lng": -85.668535
                     
                  },
                  "horarios": {
                    "lu": "6:00 am 10:00 pm",
                    "ma": "6:00 am 10:00 pm",
                    "mi": "6:00 am 10:00 pm",
                    "ju": "6:00 am 10:00 pm",
                    "vi": "6:00 am 12:00 pm",
                    "sa": "6:00 am 12:00 pm",
                    "do": "6:00 am 10:00 pm"
                  }
            },
            {
                "id":2, "nombre":"Pulperia Ojo de Agua",
                "position": {
                    "lat": 12.250458,
                    "lng": -85.643886
                  },
                  "horarios": {
                    "lu": "6:00 am 10:00 pm",
                    "ma": "6:00 am 10:00 pm",
                    "mi": "6:00 am 10:00 pm",
                    "ju": "6:00 am 10:00 pm",
                    "vi": "6:00 am 12:00 pm",
                    "sa": "6:00 am 12:00 pm",
                    "do": "6:00 am 10:00 pm"
                  }
            },
            {
                "id":3, "nombre":"Pulperia Cano",
                "position": {
                    "lat": 12.37635,
                    "lng": -85.669619
                  },
                  "horarios": {
                    "lu": "6:00 am 10:00 pm",
                    "ma": "6:00 am 10:00 pm",
                    "mi": "6:00 am 10:00 pm",
                    "ju": "6:00 am 10:00 pm",
                    "vi": "6:00 am 12:00 pm",
                    "sa": "6:00 am 12:00 pm",
                    "do": "6:00 am 10:00 pm"
                  }
            },
            {
                "id":4, "nombre":"Pulperia San Martin",
                "position": {
                    "lat": 2.343008,
                    "lng": -85.65715
                  },
                  "horarios": {
                    "lu": "6:00 am 10:00 pm",
                    "ma": "6:00 am 10:00 pm",
                    "mi": "6:00 am 10:00 pm",
                    "ju": "6:00 am 10:00 pm",
                    "vi": "6:00 am 12:00 pm",
                    "sa": "6:00 am 12:00 pm",
                    "do": "6:00 am 10:00 pm"
                  }
            }
        ]
    },

    {  
        "tiendaId":112,
        "allTiendas":[
            {"id":0, "nombre":"TiendaX1"},
            {"id":1, "nombre":"TiendaX2"},
            {"id":2, "nombre":"TiendaX3"},
            {"id":4, "nombre":"TiendaX4"},
            {"id":5, "nombre":"TiendaX5"},
            {"id":6, "nombre":"TiendaX6"}
        ]
    }
    ,










  
    {  
      "MANAGUA":"MANAGUA",
        "tiendaId":197,
        "allTiendas":[
            {
              "id":0, 
              "nombre":"SALVADORITA",
              "position": {
                "lat":  12.1250993,
                "lng": -86.2483672
              },
              "horarios": {
                "lu": "6:00 am 10:00 pm",
                "ma": "6:00 am 10:00 pm",
                "mi": "6:00 am 10:00 pm",
                "ju": "6:00 am 10:00 pm",
                "vi": "6:00 am 12:00 pm",
                "sa": "6:00 am 12:00 pm",
                "do": "6:00 am 10:00 pm"
              }
            },
            {
              "id":0, 
              "nombre":"BELLO HORIZONTE1",
              "position": {
                "lat":  12.1423019,
                "lng": -86.2363683
              },
              "horarios": {
                "lu": "6:00 am 10:00 pm",
                "ma": "6:00 am 10:00 pm",
                "mi": "6:00 am 10:00 pm",
                "ju": "6:00 am 10:00 pm",
                "vi": "6:00 am 12:00 pm",
                "sa": "6:00 am 12:00 pm",
                "do": "6:00 am 10:00 pm"
              }
            }
            ,
            {
              "id":0, 
              "nombre":"BELLO HORIZONTE2",
              "position": {
                "lat":  12.1450052,
                "lng": -86.2357998
              },
              "horarios": {
                "lu": "6:00 am 10:00 pm",
                "ma": "6:00 am 10:00 pm",
                "mi": "6:00 am 10:00 pm",
                "ju": "6:00 am 10:00 pm",
                "vi": "6:00 am 12:00 pm",
                "sa": "6:00 am 12:00 pm",
                "do": "6:00 am 10:00 pm"
              }
            }
            ,
            {
              "id":0, 
              "nombre":"LA TENDERI",
              "position": {
                "lat":  12.1461095,
                "lng": -86.2506297
              },
              "horarios": {
                "lu": "6:00 am 10:00 pm",
                "ma": "6:00 am 10:00 pm",
                "mi": "6:00 am 10:00 pm",
                "ju": "6:00 am 10:00 pm",
                "vi": "6:00 am 12:00 pm",
                "sa": "6:00 am 12:00 pm",
                "do": "6:00 am 10:00 pm"
              }
            }
            ,
            {
              "id":0, 
              "nombre":"EL SALINAS",
              "position": {
                "lat":  12.1392021,
                "lng": -86.2555775
              },
              "horarios": {
                "lu": "6:00 am 10:00 pm",
                "ma": "6:00 am 10:00 pm",
                "mi": "6:00 am 10:00 pm",
                "ju": "6:00 am 10:00 pm",
                "vi": "6:00 am 12:00 pm",
                "sa": "6:00 am 12:00 pm",
                "do": "6:00 am 10:00 pm"
              }
            }
            ,
            {
              "id":0, 
              "nombre":"10 DE JUNIO",
              "position": {
                "lat":  12.131519,
                "lng": -86.246702
              },
              "horarios": {
                "lu": "6:00 am 10:00 pm",
                "ma": "6:00 am 10:00 pm",
                "mi": "6:00 am 10:00 pm",
                "ju": "6:00 am 10:00 pm",
                "vi": "6:00 am 12:00 pm",
                "sa": "6:00 am 12:00 pm",
                "do": "6:00 am 10:00 pm"
              }
            }
            ,
            {
              "id":0, 
              "nombre":"10 DE JUNIO",
              "position": {
                "lat":  12.131519,
                "lng": -86.246702
              },
              "horarios": {
                "lu": "6:00 am 10:00 pm",
                "ma": "6:00 am 10:00 pm",
                "mi": "6:00 am 10:00 pm",
                "ju": "6:00 am 10:00 pm",
                "vi": "6:00 am 12:00 pm",
                "sa": "6:00 am 12:00 pm",
                "do": "6:00 am 10:00 pm"
              }
            }
            ,
            {
              "id":0, 
              "nombre":"Waspan Norte",
              "position": {
                "lat":  12.1500286,
                "lng": -86.2054294
              },
              "horarios": {
                "lu": "6:00 am 10:00 pm",
                "ma": "6:00 am 10:00 pm",
                "mi": "6:00 am 10:00 pm",
                "ju": "6:00 am 10:00 pm",
                "vi": "6:00 am 12:00 pm",
                "sa": "6:00 am 12:00 pm",
                "do": "6:00 am 10:00 pm"
              }
            }
            ,
            {
              "id":0, 
              "nombre":"Jicarito",
              "position": {
                "lat": 12.1399753,
                "lng": -86.2860784
              },
              "horarios": {
                "lu": "6:00 am 10:00 pm",
                "ma": "6:00 am 10:00 pm",
                "mi": "6:00 am 10:00 pm",
                "ju": "6:00 am 10:00 pm",
                "vi": "6:00 am 12:00 pm",
                "sa": "6:00 am 12:00 pm",
                "do": "6:00 am 10:00 pm"
              }
            }
        ]
    }
]