[
    {  
        "MUNICIPIO":"MANAGUA",
          "tiendaId":197,
          "allTiendas":[
              {
                "id":0, 
                "nombre":"SALVADORITA",
                "position": {
                  "lat":  12.1250993,
                  "lng": -86.2483672
                },
                "horarios": {
                  "lu": "6:00 am 10:00 pm",
                  "ma": "6:00 am 10:00 pm",
                  "mi": "6:00 am 10:00 pm",
                  "ju": "6:00 am 10:00 pm",
                  "vi": "6:00 am 12:00 pm",
                  "sa": "6:00 am 12:00 pm",
                  "do": "6:00 am 10:00 pm"
                }
              },
              {
                "id":0, 
                "nombre":"BELLO HORIZONTE1",
                "position": {
                  "lat":  12.1423019,
                  "lng": -86.2363683
                },
                "horarios": {
                  "lu": "6:00 am 10:00 pm",
                  "ma": "6:00 am 10:00 pm",
                  "mi": "6:00 am 10:00 pm",
                  "ju": "6:00 am 10:00 pm",
                  "vi": "6:00 am 12:00 pm",
                  "sa": "6:00 am 12:00 pm",
                  "do": "6:00 am 10:00 pm"
                }
              }
              ,
              {
                "id":0, 
                "nombre":"BELLO HORIZONTE2",
                "position": {
                  "lat":  12.1450052,
                  "lng": -86.2357998
                },
                "horarios": {
                  "lu": "6:00 am 10:00 pm",
                  "ma": "6:00 am 10:00 pm",
                  "mi": "6:00 am 10:00 pm",
                  "ju": "6:00 am 10:00 pm",
                  "vi": "6:00 am 12:00 pm",
                  "sa": "6:00 am 12:00 pm",
                  "do": "6:00 am 10:00 pm"
                }
              }
              ,
              {
                "id":0, 
                "nombre":"LA TENDERI",
                "position": {
                  "lat":  12.1461095,
                  "lng": -86.2506297
                },
                "horarios": {
                  "lu": "6:00 am 10:00 pm",
                  "ma": "6:00 am 10:00 pm",
                  "mi": "6:00 am 10:00 pm",
                  "ju": "6:00 am 10:00 pm",
                  "vi": "6:00 am 12:00 pm",
                  "sa": "6:00 am 12:00 pm",
                  "do": "6:00 am 10:00 pm"
                }
              }
              ,
              {
                "id":0, 
                "nombre":"EL SALINAS",
                "position": {
                  "lat":  12.1392021,
                  "lng": -86.2555775
                },
                "horarios": {
                  "lu": "6:00 am 10:00 pm",
                  "ma": "6:00 am 10:00 pm",
                  "mi": "6:00 am 10:00 pm",
                  "ju": "6:00 am 10:00 pm",
                  "vi": "6:00 am 12:00 pm",
                  "sa": "6:00 am 12:00 pm",
                  "do": "6:00 am 10:00 pm"
                }
              }
              ,
              {
                "id":0, 
                "nombre":"10 DE JUNIO",
                "position": {
                  "lat":  12.131519,
                  "lng": -86.246702
                },
                "horarios": {
                  "lu": "6:00 am 10:00 pm",
                  "ma": "6:00 am 10:00 pm",
                  "mi": "6:00 am 10:00 pm",
                  "ju": "6:00 am 10:00 pm",
                  "vi": "6:00 am 12:00 pm",
                  "sa": "6:00 am 12:00 pm",
                  "do": "6:00 am 10:00 pm"
                }
              }
              ,
              {
                "id":0, 
                "nombre":"Waspan Norte",
                "position": {
                  "lat":  12.1500286,
                  "lng": -86.2054294
                },
                "horarios": {
                  "lu": "6:00 am 10:00 pm",
                  "ma": "6:00 am 10:00 pm",
                  "mi": "6:00 am 10:00 pm",
                  "ju": "6:00 am 10:00 pm",
                  "vi": "6:00 am 12:00 pm",
                  "sa": "6:00 am 12:00 pm",
                  "do": "6:00 am 10:00 pm"
                }
              }
              ,
              {
                "id":0, 
                "nombre":"Jicarito",
                "position": {
                  "lat": 12.1399753,
                  "lng": -86.2860784
                },
                "horarios": {
                  "lu": "6:00 am 10:00 pm",
                  "ma": "6:00 am 10:00 pm",
                  "mi": "6:00 am 10:00 pm",
                  "ju": "6:00 am 10:00 pm",
                  "vi": "6:00 am 12:00 pm",
                  "sa": "6:00 am 12:00 pm",
                  "do": "6:00 am 10:00 pm"
                }
              }
              ,
              {
                "id":0, 
                "nombre":"9 DE JUNIO",
                "position": {
                  "lat":  12.1347247,
                  "lng": -86.2170586
                },
                "horarios": {
                  "lu": "6:00 am 10:00 pm",
                  "ma": "6:00 am 10:00 pm",
                  "mi": "6:00 am 10:00 pm",
                  "ju": "6:00 am 10:00 pm",
                  "vi": "6:00 am 12:00 pm",
                  "sa": "6:00 am 12:00 pm",
                  "do": "6:00 am 10:00 pm"
                }
              },
              {
                "id":0, 
                "nombre":"Mayoreo del Norte",
                "position": {
                  "lat":  12.1391362,
                  "lng": -86.1983519
                },
                "horarios": {
                  "lu": "6:00 am 10:00 pm",
                  "ma": "6:00 am 10:00 pm",
                  "mi": "6:00 am 10:00 pm",
                  "ju": "6:00 am 10:00 pm",
                  "vi": "6:00 am 12:00 pm",
                  "sa": "6:00 am 12:00 pm",
                  "do": "6:00 am 10:00 pm"
                }
              },
              {
                "id":0, 
                "nombre":"León  San Felipe",
                "position": {
                  "lat":  12.4386956,
                  "lng": -86.8828806
                },
                "horarios": {
                  "lu": "6:00 am 10:00 pm",
                  "ma": "6:00 am 10:00 pm",
                  "mi": "6:00 am 10:00 pm",
                  "ju": "6:00 am 10:00 pm",
                  "vi": "6:00 am 12:00 pm",
                  "sa": "6:00 am 12:00 pm",
                  "do": "6:00 am 10:00 pm"
                }
              },
              {
                "id":0, 
                "nombre":"León los poeta",
                "position": {
                  "lat":  12.4387217,
                  "lng":  -86.8894467
                },
                "horarios": {
                  "lu": "6:00 am 10:00 pm",
                  "ma": "6:00 am 10:00 pm",
                  "mi": "6:00 am 10:00 pm",
                  "ju": "6:00 am 10:00 pm",
                  "vi": "6:00 am 12:00 pm",
                  "sa": "6:00 am 12:00 pm",
                  "do": "6:00 am 10:00 pm"
                }
              },
              {
                "id":0, 
                "nombre":"Carretera Sur",
                "position": {
                  "lat":  12.089221,
                  "lng":  -86.3123784
                },
                "horarios": {
                  "lu": "6:00 am 10:00 pm",
                  "ma": "6:00 am 10:00 pm",
                  "mi": "6:00 am 10:00 pm",
                  "ju": "6:00 am 10:00 pm",
                  "vi": "6:00 am 12:00 pm",
                  "sa": "6:00 am 12:00 pm",
                  "do": "6:00 am 10:00 pm"
                }
              },
              {
                "id":0, 
                "nombre":"Avenida Real",
                "position": {
                  "lat":  11.9709757,
                  "lng":  -86.097119
                },
                "horarios": {
                  "lu": "6:00 am 10:00 pm",
                  "ma": "6:00 am 10:00 pm",
                  "mi": "6:00 am 10:00 pm",
                  "ju": "6:00 am 10:00 pm",
                  "vi": "6:00 am 12:00 pm",
                  "sa": "6:00 am 12:00 pm",
                  "do": "6:00 am 10:00 pm"
                }
              },
              {
                "id":0, 
                "nombre":"Paseo Ecuestre",
                "position": {
                  "lat":  12.0982347,
                  "lng":  -86.2298066
                },
                "horarios": {
                  "lu": "6:00 am 10:00 pm",
                  "ma": "6:00 am 10:00 pm",
                  "mi": "6:00 am 10:00 pm",
                  "ju": "6:00 am 10:00 pm",
                  "vi": "6:00 am 12:00 pm",
                  "sa": "6:00 am 12:00 pm",
                  "do": "6:00 am 10:00 pm"
                }
              },
              {
                "id":0, 
                "nombre":"Colonia Xolotlán",
                "position": {
                  "lat":  12.1095147,
                  "lng":  -86.2969339
                },
                "horarios": {
                  "lu": "6:00 am 10:00 pm",
                  "ma": "6:00 am 10:00 pm",
                  "mi": "6:00 am 10:00 pm",
                  "ju": "6:00 am 10:00 pm",
                  "vi": "6:00 am 12:00 pm",
                  "sa": "6:00 am 12:00 pm",
                  "do": "6:00 am 10:00 pm"
                }
              },
              {
                "id":0, 
                "nombre":"Las 3F",
                "position": {
                  "lat":  12.100108,
                  "lng":  -86.2401882
                },
                "horarios": {
                  "lu": "6:00 am 10:00 pm",
                  "ma": "6:00 am 10:00 pm",
                  "mi": "6:00 am 10:00 pm",
                  "ju": "6:00 am 10:00 pm",
                  "vi": "6:00 am 12:00 pm",
                  "sa": "6:00 am 12:00 pm",
                  "do": "6:00 am 10:00 pm"
                }
              },
              {
                "id":0, 
                "nombre":"Monseñor Lezcano 2",
                "position": {
                  "lat":  12.1488278,
                  "lng":  -86.2948005
                },
                "horarios": {
                  "lu": "6:00 am 10:00 pm",
                  "ma": "6:00 am 10:00 pm",
                  "mi": "6:00 am 10:00 pm",
                  "ju": "6:00 am 10:00 pm",
                  "vi": "6:00 am 12:00 pm",
                  "sa": "6:00 am 12:00 pm",
                  "do": "6:00 am 10:00 pm"
                }
              },
              {
                "id":0, 
                "nombre":"Monseñor Lezcano 3",
                "position": {
                  "lat":  12.1478535,
                  "lng":  -86.2955748
                },
                "horarios": {
                  "lu": "6:00 am 10:00 pm",
                  "ma": "6:00 am 10:00 pm",
                  "mi": "6:00 am 10:00 pm",
                  "ju": "6:00 am 10:00 pm",
                  "vi": "6:00 am 12:00 pm",
                  "sa": "6:00 am 12:00 pm",
                  "do": "6:00 am 10:00 pm"
                }
              },
              {
                "id":0, 
                "nombre":"La Primavera",
                "position": {
                  "lat":  12.1555816,
                  "lng":  -86.2220917
                },
                "horarios": {
                  "lu": "6:00 am 10:00 pm",
                  "ma": "6:00 am 10:00 pm",
                  "mi": "6:00 am 10:00 pm",
                  "ju": "6:00 am 10:00 pm",
                  "vi": "6:00 am 12:00 pm",
                  "sa": "6:00 am 12:00 pm",
                  "do": "6:00 am 10:00 pm"
                }
              },
              {
                "id":0, 
                "nombre":"Miguel Gutierrez",
                "position": {
                  "lat":  12.141066,
                  "lng":  -86.218107
                },
                "horarios": {
                  "lu": "6:00 am 10:00 pm",
                  "ma": "6:00 am 10:00 pm",
                  "mi": "6:00 am 10:00 pm",
                  "ju": "6:00 am 10:00 pm",
                  "vi": "6:00 am 12:00 pm",
                  "sa": "6:00 am 12:00 pm",
                  "do": "6:00 am 10:00 pm"
                }
              },
              {
                "id":0, 
                "nombre":"Waspan Sur",
                "position": {
                  "lat":  12.1397055,
                  "lng":  -86.2123514
                },
                "horarios": {
                  "lu": "6:00 am 10:00 pm",
                  "ma": "6:00 am 10:00 pm",
                  "mi": "6:00 am 10:00 pm",
                  "ju": "6:00 am 10:00 pm",
                  "vi": "6:00 am 12:00 pm",
                  "sa": "6:00 am 12:00 pm",
                  "do": "6:00 am 10:00 pm"
                }
              },
              {
                "id":0, 
                "nombre":"9 de Junio 2",
                "position": {
                  "lat":  12.1347247,
                  "lng":  -86.2170586
                },
                "horarios": {
                  "lu": "6:00 am 10:00 pm",
                  "ma": "6:00 am 10:00 pm",
                  "mi": "6:00 am 10:00 pm",
                  "ju": "6:00 am 10:00 pm",
                  "vi": "6:00 am 12:00 pm",
                  "sa": "6:00 am 12:00 pm",
                  "do": "6:00 am 10:00 pm"
                }
              }
              ,
              {
                "id":0, 
                "nombre":"Salud Integral",
                "position": {
                  "lat":  12.1435907,
                  "lng":  -86.3015638
                },
                "horarios": {
                  "lu": "6:00 am 10:00 pm",
                  "ma": "6:00 am 10:00 pm",
                  "mi": "6:00 am 10:00 pm",
                  "ju": "6:00 am 10:00 pm",
                  "vi": "6:00 am 12:00 pm",
                  "sa": "6:00 am 12:00 pm",
                  "do": "6:00 am 10:00 pm"
                }
              }
              ,
              {
                "id":0, 
                "nombre":"Morazan",
                "position": {
                  "lat":  12.1575481,
                  "lng":  -86.3066348
                },
                "horarios": {
                  "lu": "6:00 am 10:00 pm",
                  "ma": "6:00 am 10:00 pm",
                  "mi": "6:00 am 10:00 pm",
                  "ju": "6:00 am 10:00 pm",
                  "vi": "6:00 am 12:00 pm",
                  "sa": "6:00 am 12:00 pm",
                  "do": "6:00 am 10:00 pm"
                }
              }
              ,
              {
                "id":0, 
                "nombre":"El Cortijo",
                "position": {
                  "lat":  12.1511893,
                  "lng":  -86.3052636
                },
                "horarios": {
                  "lu": "6:00 am 10:00 pm",
                  "ma": "6:00 am 10:00 pm",
                  "mi": "6:00 am 10:00 pm",
                  "ju": "6:00 am 10:00 pm",
                  "vi": "6:00 am 12:00 pm",
                  "sa": "6:00 am 12:00 pm",
                  "do": "6:00 am 10:00 pm"
                }
              }
              ,
              {
                "id":0, 
                "nombre":"La Racachaca",
                "position": {
                  "lat":  12.137686,
                  "lng":  -86.2937749
                },
                "horarios": {
                  "lu": "6:00 am 10:00 pm",
                  "ma": "6:00 am 10:00 pm",
                  "mi": "6:00 am 10:00 pm",
                  "ju": "6:00 am 10:00 pm",
                  "vi": "6:00 am 12:00 pm",
                  "sa": "6:00 am 12:00 pm",
                  "do": "6:00 am 10:00 pm"
                }
              }
              ,
              {
                "id":0, 
                "nombre":"Miraflores",
                "position": {
                  "lat":  12.1454505,
                  "lng":  -86.3018851
                },
                "horarios": {
                  "lu": "6:00 am 10:00 pm",
                  "ma": "6:00 am 10:00 pm",
                  "mi": "6:00 am 10:00 pm",
                  "ju": "6:00 am 10:00 pm",
                  "vi": "6:00 am 12:00 pm",
                  "sa": "6:00 am 12:00 pm",
                  "do": "6:00 am 10:00 pm"
                }
              }
              ,
              {
                "id":0, 
                "nombre":"Monseñor Lezcano",
                "position": {
                  "lat":  12.1478535,
                  "lng":  -86.2955748
                },
                "horarios": {
                  "lu": "6:00 am 10:00 pm",
                  "ma": "6:00 am 10:00 pm",
                  "mi": "6:00 am 10:00 pm",
                  "ju": "6:00 am 10:00 pm",
                  "vi": "6:00 am 12:00 pm",
                  "sa": "6:00 am 12:00 pm",
                  "do": "6:00 am 10:00 pm"
                }
              }
              ,
              {
                "id":0, 
                "nombre":"Primero de Mayo",
                "position": {
                  "lat":  12.1233558,
                  "lng":  -86.2261305
                },
                "horarios": {
                  "lu": "6:00 am 10:00 pm",
                  "ma": "6:00 am 10:00 pm",
                  "mi": "6:00 am 10:00 pm",
                  "ju": "6:00 am 10:00 pm",
                  "vi": "6:00 am 12:00 pm",
                  "sa": "6:00 am 12:00 pm",
                  "do": "6:00 am 10:00 pm"
                }
              }
              ,
              {
                "id":0, 
                "nombre":"Primero de Mayo",
                "position": {
                  "lat":  12.1233558,
                  "lng":  -86.2261305
                },
                "horarios": {
                  "lu": "6:00 am 10:00 pm",
                  "ma": "6:00 am 10:00 pm",
                  "mi": "6:00 am 10:00 pm",
                  "ju": "6:00 am 10:00 pm",
                  "vi": "6:00 am 12:00 pm",
                  "sa": "6:00 am 12:00 pm",
                  "do": "6:00 am 10:00 pm"
                }
              }
              ,
              {
                "id":0, 
                "nombre":"Jardinez de Veracruz",
                "position": {
                  "lat":  12.1217507,
                  "lng":  -86.2305241
                },
                "horarios": {
                  "lu": "6:00 am 10:00 pm",
                  "ma": "6:00 am 10:00 pm",
                  "mi": "6:00 am 10:00 pm",
                  "ju": "6:00 am 10:00 pm",
                  "vi": "6:00 am 12:00 pm",
                  "sa": "6:00 am 12:00 pm",
                  "do": "6:00 am 10:00 pm"
                }
              }
              ,
              {
                "id":0, 
                "nombre":"14 de Septiembre",
                "position": {
                  "lat":  12.1250778,
                  "lng": -86.2333359
                },
                "horarios": {
                  "lu": "6:00 am 10:00 pm",
                  "ma": "6:00 am 10:00 pm",
                  "mi": "6:00 am 10:00 pm",
                  "ju": "6:00 am 10:00 pm",
                  "vi": "6:00 am 12:00 pm",
                  "sa": "6:00 am 12:00 pm",
                  "do": "6:00 am 10:00 pm"
                }
              }
              ,
              {
                "id":0, 
                "nombre":"Roberto Huembes",
                "position": {
                  "lat":  12.1218214,
                  "lng": -86.2457016
                },
                "horarios": {
                  "lu": "6:00 am 10:00 pm",
                  "ma": "6:00 am 10:00 pm",
                  "mi": "6:00 am 10:00 pm",
                  "ju": "6:00 am 10:00 pm",
                  "vi": "6:00 am 12:00 pm",
                  "sa": "6:00 am 12:00 pm",
                  "do": "6:00 am 10:00 pm"
                }
              }
              ,
              {
                "id":0, 
                "nombre":"El Dorado",
                "position": {
                  "lat":  12.1362972,
                  "lng": -86.2527904
                },
                "horarios": {
                  "lu": "6:00 am 10:00 pm",
                  "ma": "6:00 am 10:00 pm",
                  "mi": "6:00 am 10:00 pm",
                  "ju": "6:00 am 10:00 pm",
                  "vi": "6:00 am 12:00 pm",
                  "sa": "6:00 am 12:00 pm",
                  "do": "6:00 am 10:00 pm"
                }
              }
              ,
              {
                "id":0, 
                "nombre":"Reparto Shick 2",
                "position": {
                  "lat":  12.1094227,
                  "lng": -86.2258866
                },
                "horarios": {
                  "lu": "6:00 am 10:00 pm",
                  "ma": "6:00 am 10:00 pm",
                  "mi": "6:00 am 10:00 pm",
                  "ju": "6:00 am 10:00 pm",
                  "vi": "6:00 am 12:00 pm",
                  "sa": "6:00 am 12:00 pm",
                  "do": "6:00 am 10:00 pm"
                }
              }
              ,
              {
                "id":0, 
                "nombre":"Villa Austria",
                "position": {
                  "lat":  12.1331078,
                  "lng": -86.2240568
                },
                "horarios": {
                  "lu": "6:00 am 10:00 pm",
                  "ma": "6:00 am 10:00 pm",
                  "mi": "6:00 am 10:00 pm",
                  "ju": "6:00 am 10:00 pm",
                  "vi": "6:00 am 12:00 pm",
                  "sa": "6:00 am 12:00 pm",
                  "do": "6:00 am 10:00 pm"
                }
              }
              ,
              {
                "id":0, 
                "nombre":"Villa Flor Norte",
                "position": {
                  "lat":  12.1241641,
                  "lng": -86.2197204
                },
                "horarios": {
                  "lu": "6:00 am 10:00 pm",
                  "ma": "6:00 am 10:00 pm",
                  "mi": "6:00 am 10:00 pm",
                  "ju": "6:00 am 10:00 pm",
                  "vi": "6:00 am 12:00 pm",
                  "sa": "6:00 am 12:00 pm",
                  "do": "6:00 am 10:00 pm"
                }
              }
              ,
              {
                "id":0, 
                "nombre":"Sabana Grande",
                "position": {
                  "lat":  12.1229237,
                  "lng": -86.1933945
                },
                "horarios": {
                  "lu": "6:00 am 10:00 pm",
                  "ma": "6:00 am 10:00 pm",
                  "mi": "6:00 am 10:00 pm",
                  "ju": "6:00 am 10:00 pm",
                  "vi": "6:00 am 12:00 pm",
                  "sa": "6:00 am 12:00 pm",
                  "do": "6:00 am 10:00 pm"
                }
              }
              ,
              {
                "id":0, 
                "nombre":"America 3",
                "position": {
                  "lat":  12.1094227,
                  "lng": -86.2258866
                },
                "horarios": {
                  "lu": "6:00 am 10:00 pm",
                  "ma": "6:00 am 10:00 pm",
                  "mi": "6:00 am 10:00 pm",
                  "ju": "6:00 am 10:00 pm",
                  "vi": "6:00 am 12:00 pm",
                  "sa": "6:00 am 12:00 pm",
                  "do": "6:00 am 10:00 pm"
                }
              }
              ,
              {
                "id":0, 
                "nombre":"Plaza Progreso",
                "position": {
                  "lat":  12.0552084,
                  "lng": -86.2035206
                },
                "horarios": {
                  "lu": "6:00 am 10:00 pm",
                  "ma": "6:00 am 10:00 pm",
                  "mi": "6:00 am 10:00 pm",
                  "ju": "6:00 am 10:00 pm",
                  "vi": "6:00 am 12:00 pm",
                  "sa": "6:00 am 12:00 pm",
                  "do": "6:00 am 10:00 pm"
                }
              }
              ,
              {
                "id":0, 
                "nombre":"Plaza Madrigal",
                "position": {
                  "lat":  12.0574522,
                  "lng": -86.1989584
                },
                "horarios": {
                  "lu": "6:00 am 10:00 pm",
                  "ma": "6:00 am 10:00 pm",
                  "mi": "6:00 am 10:00 pm",
                  "ju": "6:00 am 10:00 pm",
                  "vi": "6:00 am 12:00 pm",
                  "sa": "6:00 am 12:00 pm",
                  "do": "6:00 am 10:00 pm"
                }
              }
              ,
              {
                "id":0, 
                "nombre":"Plaza Montana - Veracruz 3",
                "position": {
                  "lat":  12.0851128,
                  "lng": -86.1693711
                },
                "horarios": {
                  "lu": "6:00 am 10:00 pm",
                  "ma": "6:00 am 10:00 pm",
                  "mi": "6:00 am 10:00 pm",
                  "ju": "6:00 am 10:00 pm",
                  "vi": "6:00 am 12:00 pm",
                  "sa": "6:00 am 12:00 pm",
                  "do": "6:00 am 10:00 pm"
                }
              }
              ,
              {
                "id":0, 
                "nombre":"Plaza Gueguense",
                "position": {
                  "lat":  12.0885412,
                  "lng": -86.3192908
                },
                "horarios": {
                  "lu": "6:00 am 10:00 pm",
                  "ma": "6:00 am 10:00 pm",
                  "mi": "6:00 am 10:00 pm",
                  "ju": "6:00 am 10:00 pm",
                  "vi": "6:00 am 12:00 pm",
                  "sa": "6:00 am 12:00 pm",
                  "do": "6:00 am 10:00 pm"
                }
              }
              ,
              {
                "id":0, 
                "nombre":"Uniplaza Las Colinas",
                "position": {
                  "lat":  12.1004425,
                  "lng": -86.2397522
                },
                "horarios": {
                  "lu": "6:00 am 10:00 pm",
                  "ma": "6:00 am 10:00 pm",
                  "mi": "6:00 am 10:00 pm",
                  "ju": "6:00 am 10:00 pm",
                  "vi": "6:00 am 12:00 pm",
                  "sa": "6:00 am 12:00 pm",
                  "do": "6:00 am 10:00 pm"
                }
              }
              ,
              {
                "id":0, 
                "nombre":"Plaza Mayor",
                "position": {
                  "lat":  12.0918245,
                  "lng": -86.2365352
                },
                "horarios": {
                  "lu": "6:00 am 10:00 pm",
                  "ma": "6:00 am 10:00 pm",
                  "mi": "6:00 am 10:00 pm",
                  "ju": "6:00 am 10:00 pm",
                  "vi": "6:00 am 12:00 pm",
                  "sa": "6:00 am 12:00 pm",
                  "do": "6:00 am 10:00 pm"
                }
              }
              ,
              {
                "id":0, 
                "nombre":"Esquipulas",
                "position": {
                  "lat":  12.0746702,
                  "lng": -86.2188785
                },
                "horarios": {
                  "lu": "6:00 am 10:00 pm",
                  "ma": "6:00 am 10:00 pm",
                  "mi": "6:00 am 10:00 pm",
                  "ju": "6:00 am 10:00 pm",
                  "vi": "6:00 am 12:00 pm",
                  "sa": "6:00 am 12:00 pm",
                  "do": "6:00 am 10:00 pm"
                }
              }
              ,
              {
                "id":0, 
                "nombre":"9 de Junio 2",
                "position": {
                  "lat":  12.1347247,
                  "lng": -86.2170586
                },
                "horarios": {
                  "lu": "6:00 am 10:00 pm",
                  "ma": "6:00 am 10:00 pm",
                  "mi": "6:00 am 10:00 pm",
                  "ju": "6:00 am 10:00 pm",
                  "vi": "6:00 am 12:00 pm",
                  "sa": "6:00 am 12:00 pm",
                  "do": "6:00 am 10:00 pm"
                }
              }
              ,
              {
                "id":0, 
                "nombre":"El colonial",
                "position": {
                  "lat":  12.1465015,
                  "lng": -86.2397851
                },
                "horarios": {
                  "lu": "6:00 am 10:00 pm",
                  "ma": "6:00 am 10:00 pm",
                  "mi": "6:00 am 10:00 pm",
                  "ju": "6:00 am 10:00 pm",
                  "vi": "6:00 am 12:00 pm",
                  "sa": "6:00 am 12:00 pm",
                  "do": "6:00 am 10:00 pm"
                }
              }
              ,
              {
                "id":0, 
                "nombre":"Altamira",
                "position": {
                  "lat":  12.1235295,
                  "lng": -86.2553264
                },
                "horarios": {
                  "lu": "6:00 am 10:00 pm",
                  "ma": "6:00 am 10:00 pm",
                  "mi": "6:00 am 10:00 pm",
                  "ju": "6:00 am 10:00 pm",
                  "vi": "6:00 am 12:00 pm",
                  "sa": "6:00 am 12:00 pm",
                  "do": "6:00 am 10:00 pm"
                }
              }
              ,
              {
                "id":0, 
                "nombre":"Lozelsa",
                "position": {
                  "lat":  12.1175512,
                  "lng": -86.2538706
                },
                "horarios": {
                  "lu": "6:00 am 10:00 pm",
                  "ma": "6:00 am 10:00 pm",
                  "mi": "6:00 am 10:00 pm",
                  "ju": "6:00 am 10:00 pm",
                  "vi": "6:00 am 12:00 pm",
                  "sa": "6:00 am 12:00 pm",
                  "do": "6:00 am 10:00 pm"
                }
              }
              ,
              {
                "id":0, 
                "nombre":"Centro Comercial",
                "position": {
                  "lat":  12.1178016,
                  "lng": -86.2867017
                },
                "horarios": {
                  "lu": "6:00 am 10:00 pm",
                  "ma": "6:00 am 10:00 pm",
                  "mi": "6:00 am 10:00 pm",
                  "ju": "6:00 am 10:00 pm",
                  "vi": "6:00 am 12:00 pm",
                  "sa": "6:00 am 12:00 pm",
                  "do": "6:00 am 10:00 pm"
                }
              }
              ,
              {
                "id":0, 
                "nombre":"Quetzal",
                "position": {
                  "lat":  12.0957842,
                  "lng": -86.2562106
                },
                "horarios": {
                  "lu": "6:00 am 10:00 pm",
                  "ma": "6:00 am 10:00 pm",
                  "mi": "6:00 am 10:00 pm",
                  "ju": "6:00 am 10:00 pm",
                  "vi": "6:00 am 12:00 pm",
                  "sa": "6:00 am 12:00 pm",
                  "do": "6:00 am 10:00 pm"
                }
              }
              ,
              {
                "id":0, 
                "nombre":"La Vicky",
                "position": {
                  "lat":  12.1193784,
                  "lng": -86.2573923
                },
                "horarios": {
                  "lu": "6:00 am 10:00 pm",
                  "ma": "6:00 am 10:00 pm",
                  "mi": "6:00 am 10:00 pm",
                  "ju": "6:00 am 10:00 pm",
                  "vi": "6:00 am 12:00 pm",
                  "sa": "6:00 am 12:00 pm",
                  "do": "6:00 am 10:00 pm"
                }
              }
              ,
              {
                "id":0, 
                "nombre":"Lomas del Valle",
                "position": {
                  "lat":  12.1070553,
                  "lng": -86.2516417
                },
                "horarios": {
                  "lu": "6:00 am 10:00 pm",
                  "ma": "6:00 am 10:00 pm",
                  "mi": "6:00 am 10:00 pm",
                  "ju": "6:00 am 10:00 pm",
                  "vi": "6:00 am 12:00 pm",
                  "sa": "6:00 am 12:00 pm",
                  "do": "6:00 am 10:00 pm"
                }
              }
              ,
              {
                "id":0, 
                "nombre":"Lomas del Valle",
                "position": {
                  "lat":  12.1070553,
                  "lng": -86.2516417
                },
                "horarios": {
                  "lu": "6:00 am 10:00 pm",
                  "ma": "6:00 am 10:00 pm",
                  "mi": "6:00 am 10:00 pm",
                  "ju": "6:00 am 10:00 pm",
                  "vi": "6:00 am 12:00 pm",
                  "sa": "6:00 am 12:00 pm",
                  "do": "6:00 am 10:00 pm"
                }
              }
              ,
              {
                "id":0, 
                "nombre":"Plaza Nogal",
                "position": {
                  "lat":  12.1298423,
                  "lng": -86.2827029
                },
                "horarios": {
                  "lu": "6:00 am 10:00 pm",
                  "ma": "6:00 am 10:00 pm",
                  "mi": "6:00 am 10:00 pm",
                  "ju": "6:00 am 10:00 pm",
                  "vi": "6:00 am 12:00 pm",
                  "sa": "6:00 am 12:00 pm",
                  "do": "6:00 am 10:00 pm"
                }
              }
              ,
              {
                "id":0, 
                "nombre":"Plaza Bolonia",
                "position": {
                  "lat":  12.1375366,
                  "lng": -86.3263594
                },
                "horarios": {
                  "lu": "6:00 am 10:00 pm",
                  "ma": "6:00 am 10:00 pm",
                  "mi": "6:00 am 10:00 pm",
                  "ju": "6:00 am 10:00 pm",
                  "vi": "6:00 am 12:00 pm",
                  "sa": "6:00 am 12:00 pm",
                  "do": "6:00 am 10:00 pm"
                }
              }
              ,
              {
                "id":0, 
                "nombre":"Plaza Praderas",
                "position": {
                  "lat":  12.077506,
                  "lng": -86.2256333
                },
                "horarios": {
                  "lu": "6:00 am 10:00 pm",
                  "ma": "6:00 am 10:00 pm",
                  "mi": "6:00 am 10:00 pm",
                  "ju": "6:00 am 10:00 pm",
                  "vi": "6:00 am 12:00 pm",
                  "sa": "6:00 am 12:00 pm",
                  "do": "6:00 am 10:00 pm"
                }
              }
              ,
              {
                "id":0, 
                "nombre":"Praderas de Sandino",
                "position": {
                  "lat":  12.154452,
                  "lng": -86.3530489
                },
                "horarios": {
                  "lu": "6:00 am 10:00 pm",
                  "ma": "6:00 am 10:00 pm",
                  "mi": "6:00 am 10:00 pm",
                  "ju": "6:00 am 10:00 pm",
                  "vi": "6:00 am 12:00 pm",
                  "sa": "6:00 am 12:00 pm",
                  "do": "6:00 am 10:00 pm"
                }
              }
              ,
              {
                "id":0, 
                "nombre":"Zumen",
                "position": {
                  "lat":  12.1243442,
                  "lng": -86.2993561
                },
                "horarios": {
                  "lu": "6:00 am 10:00 pm",
                  "ma": "6:00 am 10:00 pm",
                  "mi": "6:00 am 10:00 pm",
                  "ju": "6:00 am 10:00 pm",
                  "vi": "6:00 am 12:00 pm",
                  "sa": "6:00 am 12:00 pm",
                  "do": "6:00 am 10:00 pm"
                }
              }
              ,
              {
                "id":0, 
                "nombre":"Linda Vista",
                "position": {
                  "lat":  12.1522238,
                  "lng": -86.3094503
                },
                "horarios": {
                  "lu": "6:00 am 10:00 pm",
                  "ma": "6:00 am 10:00 pm",
                  "mi": "6:00 am 10:00 pm",
                  "ju": "6:00 am 10:00 pm",
                  "vi": "6:00 am 12:00 pm",
                  "sa": "6:00 am 12:00 pm",
                  "do": "6:00 am 10:00 pm"
                }
              }
              ,
              {
                "id":0, 
                "nombre":"San Judas",
                "position": {
                  "lat":  12.1182568,
                  "lng": -86.2985441
                },
                "horarios": {
                  "lu": "6:00 am 10:00 pm",
                  "ma": "6:00 am 10:00 pm",
                  "mi": "6:00 am 10:00 pm",
                  "ju": "6:00 am 10:00 pm",
                  "vi": "6:00 am 12:00 pm",
                  "sa": "6:00 am 12:00 pm",
                  "do": "6:00 am 10:00 pm"
                }
              }
              ,
              {
                "id":0, 
                "nombre":"Camilo Ortega",
                "position": {
                  "lat":  12.0960048,
                  "lng": -86.3068025
                },
                "horarios": {
                  "lu": "6:00 am 10:00 pm",
                  "ma": "6:00 am 10:00 pm",
                  "mi": "6:00 am 10:00 pm",
                  "ju": "6:00 am 10:00 pm",
                  "vi": "6:00 am 12:00 pm",
                  "sa": "6:00 am 12:00 pm",
                  "do": "6:00 am 10:00 pm"
                }
              }
              ,
              {
                "id":0, 
                "nombre":"Salida Norte",
                "position": {
                  "lat":  13.1022661,
                  "lng": -86.3544051
                },
                "horarios": {
                  "lu": "6:00 am 10:00 pm",
                  "ma": "6:00 am 10:00 pm",
                  "mi": "6:00 am 10:00 pm",
                  "ju": "6:00 am 10:00 pm",
                  "vi": "6:00 am 12:00 pm",
                  "sa": "6:00 am 12:00 pm",
                  "do": "6:00 am 10:00 pm"
                }
              }
              ,
              {
                "id":0, 
                "nombre":"Las Mercedes",
                "position": {
                  "lat":  12.1531533,
                  "lng": -86.1911794
                },
                "horarios": {
                  "lu": "6:00 am 10:00 pm",
                  "ma": "6:00 am 10:00 pm",
                  "mi": "6:00 am 10:00 pm",
                  "ju": "6:00 am 10:00 pm",
                  "vi": "6:00 am 12:00 pm",
                  "sa": "6:00 am 12:00 pm",
                  "do": "6:00 am 10:00 pm"
                }
              }
              ,
              {
                "id":0, 
                "nombre":"Las Delicias",
                "position": {
                  "lat":  12.1628879,
                  "lng": -86.1865838
                },
                "horarios": {
                  "lu": "6:00 am 10:00 pm",
                  "ma": "6:00 am 10:00 pm",
                  "mi": "6:00 am 10:00 pm",
                  "ju": "6:00 am 10:00 pm",
                  "vi": "6:00 am 12:00 pm",
                  "sa": "6:00 am 12:00 pm",
                  "do": "6:00 am 10:00 pm"
                }
              }
              ,
              {
                "id":0, 
                "nombre":"America 2",
                "position": {
                  "lat":  12.0950636,
                  "lng": -86.2300136
                },
                "horarios": {
                  "lu": "6:00 am 10:00 pm",
                  "ma": "6:00 am 10:00 pm",
                  "mi": "6:00 am 10:00 pm",
                  "ju": "6:00 am 10:00 pm",
                  "vi": "6:00 am 12:00 pm",
                  "sa": "6:00 am 12:00 pm",
                  "do": "6:00 am 10:00 pm"
                }
              }
              ,
              {
                "id":0, 
                "nombre":"LA FUENTE1",
                "position": {
                  "lat":  12.1166378,
                  "lng": -86.239913
                },
                "horarios": {
                  "lu": "6:00 am 10:00 pm",
                  "ma": "6:00 am 10:00 pm",
                  "mi": "6:00 am 10:00 pm",
                  "ju": "6:00 am 10:00 pm",
                  "vi": "6:00 am 12:00 pm",
                  "sa": "6:00 am 12:00 pm",
                  "do": "6:00 am 10:00 pm"
                }
              }
              ,
              {
                "id":0, 
                "nombre":"LA FUENTE2",
                "position": {
                  "lat":  12.1153441,
                  "lng": -86.23767
                },
                "horarios": {
                  "lu": "6:00 am 10:00 pm",
                  "ma": "6:00 am 10:00 pm",
                  "mi": "6:00 am 10:00 pm",
                  "ju": "6:00 am 10:00 pm",
                  "vi": "6:00 am 12:00 pm",
                  "sa": "6:00 am 12:00 pm",
                  "do": "6:00 am 10:00 pm"
                }
              }
              ,
              {
                "id":0, 
                "nombre":"REPARTO SHICK",
                "position": {
                  "lat":  12.1094227,
                  "lng": -86.2258866
                },
                "horarios": {
                  "lu": "6:00 am 10:00 pm",
                  "ma": "6:00 am 10:00 pm",
                  "mi": "6:00 am 10:00 pm",
                  "ju": "6:00 am 10:00 pm",
                  "vi": "6:00 am 12:00 pm",
                  "sa": "6:00 am 12:00 pm",
                  "do": "6:00 am 10:00 pm"
                }
              }
              ,
              {
                "id":0, 
                "nombre":"102 - Villa Sol",
                "position": {
                  "lat":  12.1028508,
                  "lng": -86.1617878
                },
                "horarios": {
                  "lu": "6:00 am 10:00 pm",
                  "ma": "6:00 am 10:00 pm",
                  "mi": "6:00 am 10:00 pm",
                  "ju": "6:00 am 10:00 pm",
                  "vi": "6:00 am 12:00 pm",
                  "sa": "6:00 am 12:00 pm",
                  "do": "6:00 am 10:00 pm"
                }
              }
              ,
              {
                "id":0, 
                "nombre":"Villa Libertad",
                "position": {
                  "lat":  12.1176718,
                  "lng": -86.2045548
                },
                "horarios": {
                  "lu": "6:00 am 10:00 pm",
                  "ma": "6:00 am 10:00 pm",
                  "mi": "6:00 am 10:00 pm",
                  "ju": "6:00 am 10:00 pm",
                  "vi": "6:00 am 12:00 pm",
                  "sa": "6:00 am 12:00 pm",
                  "do": "6:00 am 10:00 pm"
                }
              }
              ,
              {
                "id":0, 
                "nombre":"Villa Flor Sur",
                "position": {
                  "lat":  12.1208381,
                  "lng": -86.2266874
                },
                "horarios": {
                  "lu": "6:00 am 10:00 pm",
                  "ma": "6:00 am 10:00 pm",
                  "mi": "6:00 am 10:00 pm",
                  "ju": "6:00 am 10:00 pm",
                  "vi": "6:00 am 12:00 pm",
                  "sa": "6:00 am 12:00 pm",
                  "do": "6:00 am 10:00 pm"
                }
              }
              ,
              {
                "id":0, 
                "nombre":"Villa Las Sabanas",
                "position": {
                  "lat":  12.0851128,
                  "lng": -86.1693711
                },
                "horarios": {
                  "lu": "6:00 am 10:00 pm",
                  "ma": "6:00 am 10:00 pm",
                  "mi": "6:00 am 10:00 pm",
                  "ju": "6:00 am 10:00 pm",
                  "vi": "6:00 am 12:00 pm",
                  "sa": "6:00 am 12:00 pm",
                  "do": "6:00 am 10:00 pm"
                }
              }
              ,
              {
                "id":0, 
                "nombre":"Lomas de Guadalupe",
                "position": {
                  "lat":  12.1126562,
                  "lng": -86.1999347
                },
                "horarios": {
                  "lu": "6:00 am 10:00 pm",
                  "ma": "6:00 am 10:00 pm",
                  "mi": "6:00 am 10:00 pm",
                  "ju": "6:00 am 10:00 pm",
                  "vi": "6:00 am 12:00 pm",
                  "sa": "6:00 am 12:00 pm",
                  "do": "6:00 am 10:00 pm"
                }
              }
              ,
              {
                "id":0, 
                "nombre":"Praderas del Doral",
                "position": {
                  "lat":  12.1321701,
                  "lng": -86.1915881
                },
                "horarios": {
                  "lu": "6:00 am 10:00 pm",
                  "ma": "6:00 am 10:00 pm",
                  "mi": "6:00 am 10:00 pm",
                  "ju": "6:00 am 10:00 pm",
                  "vi": "6:00 am 12:00 pm",
                  "sa": "6:00 am 12:00 pm",
                  "do": "6:00 am 10:00 pm"
                }
              }
              ,
              {
                "id":0, 
                "nombre":"Laureles Norte",
                "position": {
                  "lat":  12.1289459,
                  "lng": -86.2008726
                },
                "horarios": {
                  "lu": "6:00 am 10:00 pm",
                  "ma": "6:00 am 10:00 pm",
                  "mi": "6:00 am 10:00 pm",
                  "ju": "6:00 am 10:00 pm",
                  "vi": "6:00 am 12:00 pm",
                  "sa": "6:00 am 12:00 pm",
                  "do": "6:00 am 10:00 pm"
                }
              }
          ]
      },


      {
        "MUNICIPIO":"ESTELI",
          "tiendaId":206,
          "allTiendas":[
            {
                "id":0, 
                "nombre":"Estelí Centro",
                "position": {
                  "lat": 13.0923995,
                  "lng": -86.3653788
                },
                "horarios": {
                  "lu": "6:00 am 10:00 pm",
                  "ma": "6:00 am 10:00 pm",
                  "mi": "6:00 am 10:00 pm",
                  "ju": "6:00 am 10:00 pm",
                  "vi": "6:00 am 12:00 pm",
                  "sa": "6:00 am 12:00 pm",
                  "do": "6:00 am 10:00 pm"
                }
              }
          ]  
      },


      {
        "MUNICIPIO":"TIPITAPA",
          "tiendaId":203,
          "allTiendas":[
            {
                "id":0, 
                "nombre":"Tipitapa 1",
                "position": {
                  "lat": 12.1979272,
                  "lng": -86.0977031
                },
                "horarios": {
                  "lu": "6:00 am 10:00 pm",
                  "ma": "6:00 am 10:00 pm",
                  "mi": "6:00 am 10:00 pm",
                  "ju": "6:00 am 10:00 pm",
                  "vi": "6:00 am 12:00 pm",
                  "sa": "6:00 am 12:00 pm",
                  "do": "6:00 am 10:00 pm"
                }
              },
              {
                "id":0, 
                "nombre":"Tipitapa 2",
                "position": {
                  "lat": 12.1969278,
                  "lng": -86.098754
                },
                "horarios": {
                  "lu": "6:00 am 10:00 pm",
                  "ma": "6:00 am 10:00 pm",
                  "mi": "6:00 am 10:00 pm",
                  "ju": "6:00 am 10:00 pm",
                  "vi": "6:00 am 12:00 pm",
                  "sa": "6:00 am 12:00 pm",
                  "do": "6:00 am 10:00 pm"
                }
              }
          ]  
      },


      {
        "MUNICIPIO":"TICUANTEPE",
          "tiendaId":203,
          "allTiendas":[
            {
                "id":0, 
                "nombre":"Ticuantepe",
                "position": {
                  "lat": 12.023982,
                  "lng": -86.2088936
                },
                "horarios": {
                  "lu": "6:00 am 10:00 pm",
                  "ma": "6:00 am 10:00 pm",
                  "mi": "6:00 am 10:00 pm",
                  "ju": "6:00 am 10:00 pm",
                  "vi": "6:00 am 12:00 pm",
                  "sa": "6:00 am 12:00 pm",
                  "do": "6:00 am 10:00 pm"
                }
              }
          ]  
      },


      {
          "MUNICIPIO":"LEON",
          "tiendaId":181,
          "allTiendas":[
            {
                "id":0, 
                "nombre":"Vista de Momotombo",
                "position": {
                  "lat":  12.1588127,
                  "lng": -86.374053
                },
                "horarios": {
                  "lu": "6:00 am 10:00 pm",
                  "ma": "6:00 am 10:00 pm",
                  "mi": "6:00 am 10:00 pm",
                  "ju": "6:00 am 10:00 pm",
                  "vi": "6:00 am 12:00 pm",
                  "sa": "6:00 am 12:00 pm",
                  "do": "6:00 am 10:00 pm"
                }
              },
              {
                "id":0, 
                "nombre":"Leon",
                "position": {
                  "lat":  12.4353602,
                  "lng": -86.886136
                },
                "horarios": {
                  "lu": "6:00 am 10:00 pm",
                  "ma": "6:00 am 10:00 pm",
                  "mi": "6:00 am 10:00 pm",
                  "ju": "6:00 am 10:00 pm",
                  "vi": "6:00 am 12:00 pm",
                  "sa": "6:00 am 12:00 pm",
                  "do": "6:00 am 10:00 pm"
                }
              },
              {
                "id":0, 
                "nombre":"Sutiaba",
                "position": {
                  "lat":  12.4350352,
                  "lng": -86.8907926
                },
                "horarios": {
                  "lu": "6:00 am 10:00 pm",
                  "ma": "6:00 am 10:00 pm",
                  "mi": "6:00 am 10:00 pm",
                  "ju": "6:00 am 10:00 pm",
                  "vi": "6:00 am 12:00 pm",
                  "sa": "6:00 am 12:00 pm",
                  "do": "6:00 am 10:00 pm"
                }
              }
              ,
              {
                "id":0, 
                "nombre":"Terminal",
                "position": {
                  "lat":  12.4419087,
                  "lng": -86.8748902
                },
                "horarios": {
                  "lu": "6:00 am 10:00 pm",
                  "ma": "6:00 am 10:00 pm",
                  "mi": "6:00 am 10:00 pm",
                  "ju": "6:00 am 10:00 pm",
                  "vi": "6:00 am 12:00 pm",
                  "sa": "6:00 am 12:00 pm",
                  "do": "6:00 am 10:00 pm"
                }
              }
              ,
              {
                "id":0, 
                "nombre":"San Jose",
                "position": {
                  "lat":  12.4412776,
                  "lng": -86.879296
                },
                "horarios": {
                  "lu": "6:00 am 10:00 pm",
                  "ma": "6:00 am 10:00 pm",
                  "mi": "6:00 am 10:00 pm",
                  "ju": "6:00 am 10:00 pm",
                  "vi": "6:00 am 12:00 pm",
                  "sa": "6:00 am 12:00 pm",
                  "do": "6:00 am 10:00 pm"
                }
              }
              ,
              {
                "id":0, 
                "nombre":"Calvario Leon",
                "position": {
                  "lat":  12.4353602,
                  "lng": -86.886136
                },
                "horarios": {
                  "lu": "6:00 am 10:00 pm",
                  "ma": "6:00 am 10:00 pm",
                  "mi": "6:00 am 10:00 pm",
                  "ju": "6:00 am 10:00 pm",
                  "vi": "6:00 am 12:00 pm",
                  "sa": "6:00 am 12:00 pm",
                  "do": "6:00 am 10:00 pm"
                }
              }
          ]
      },


      {
        "MUNICIPIO":"CD Sandino",
          "tiendaId":195,
          "allTiendas":[
            {
                "id":0, 
                "nombre":"Ciudad Sandino 1",
                "position": {
                  "lat":  12.1679859,
                  "lng": -86.3460909
                },
                "horarios": {
                  "lu": "6:00 am 10:00 pm",
                  "ma": "6:00 am 10:00 pm",
                  "mi": "6:00 am 10:00 pm",
                  "ju": "6:00 am 10:00 pm",
                  "vi": "6:00 am 12:00 pm",
                  "sa": "6:00 am 12:00 pm",
                  "do": "6:00 am 10:00 pm"
                }
              },
              {
                "id":0, 
                "nombre":"Ciudad Sandino 2",
                "position": {
                  "lat":  12.1659123,
                  "lng": -86.3622159
                },
                "horarios": {
                  "lu": "6:00 am 10:00 pm",
                  "ma": "6:00 am 10:00 pm",
                  "mi": "6:00 am 10:00 pm",
                  "ju": "6:00 am 10:00 pm",
                  "vi": "6:00 am 12:00 pm",
                  "sa": "6:00 am 12:00 pm",
                  "do": "6:00 am 10:00 pm"
                }
              },
              {
                "id":0, 
                "nombre":"Ciudad Sandino 3",
                "position": {
                  "lat":  12.1559671,
                  "lng": -86.367854
                },
                "horarios": {
                  "lu": "6:00 am 10:00 pm",
                  "ma": "6:00 am 10:00 pm",
                  "mi": "6:00 am 10:00 pm",
                  "ju": "6:00 am 10:00 pm",
                  "vi": "6:00 am 12:00 pm",
                  "sa": "6:00 am 12:00 pm",
                  "do": "6:00 am 10:00 pm"
                }
              },
              {
                "id":0, 
                "nombre":"Ciudad Sandino 4",
                "position": {
                  "lat":  12.1654576,
                  "lng": -86.3636659
                },
                "horarios": {
                  "lu": "6:00 am 10:00 pm",
                  "ma": "6:00 am 10:00 pm",
                  "mi": "6:00 am 10:00 pm",
                  "ju": "6:00 am 10:00 pm",
                  "vi": "6:00 am 12:00 pm",
                  "sa": "6:00 am 12:00 pm",
                  "do": "6:00 am 10:00 pm"
                }
              },
              {
                "id":0, 
                "nombre":"Ciudad Sandino 5",
                "position": {
                  "lat":  12.1501369,
                  "lng": -86.3661973
                },
                "horarios": {
                  "lu": "6:00 am 10:00 pm",
                  "ma": "6:00 am 10:00 pm",
                  "mi": "6:00 am 10:00 pm",
                  "ju": "6:00 am 10:00 pm",
                  "vi": "6:00 am 12:00 pm",
                  "sa": "6:00 am 12:00 pm",
                  "do": "6:00 am 10:00 pm"
                }
              },
              {
                "id":0, 
                "nombre":"Valle Sandino",
                "position": {
                  "lat":  12.1774981,
                  "lng": -86.3644939
                },
                "horarios": {
                  "lu": "6:00 am 10:00 pm",
                  "ma": "6:00 am 10:00 pm",
                  "mi": "6:00 am 10:00 pm",
                  "ju": "6:00 am 10:00 pm",
                  "vi": "6:00 am 12:00 pm",
                  "sa": "6:00 am 12:00 pm",
                  "do": "6:00 am 10:00 pm"
                }
              },
              {
                "id":0, 
                "nombre":"Unidad de Proposito",
                "position": {
                  "lat":  12.1507524,
                  "lng": -86.1887864
                },
                "horarios": {
                  "lu": "6:00 am 10:00 pm",
                  "ma": "6:00 am 10:00 pm",
                  "mi": "6:00 am 10:00 pm",
                  "ju": "6:00 am 10:00 pm",
                  "vi": "6:00 am 12:00 pm",
                  "sa": "6:00 am 12:00 pm",
                  "do": "6:00 am 10:00 pm"
                }
              },
              {
                "id":0, 
                "nombre":"Bello Amanecer",
                "position": {
                  "lat":  12.1479714,
                  "lng": -86.3574066
                },
                "horarios": {
                  "lu": "6:00 am 10:00 pm",
                  "ma": "6:00 am 10:00 pm",
                  "mi": "6:00 am 10:00 pm",
                  "ju": "6:00 am 10:00 pm",
                  "vi": "6:00 am 12:00 pm",
                  "sa": "6:00 am 12:00 pm",
                  "do": "6:00 am 10:00 pm"
                }
              },
              {
                "id":0, 
                "nombre":"Mostatepe",
                "position": {
                  "lat":  12.0896034,
                  "lng": -86.4174494
                },
                "horarios": {
                  "lu": "6:00 am 10:00 pm",
                  "ma": "6:00 am 10:00 pm",
                  "mi": "6:00 am 10:00 pm",
                  "ju": "6:00 am 10:00 pm",
                  "vi": "6:00 am 12:00 pm",
                  "sa": "6:00 am 12:00 pm",
                  "do": "6:00 am 10:00 pm"
                }
              }
          ]  
      },


      {
        "MUNICIPIO":"CD El Doral",
          "tiendaId":205,
          "allTiendas":[
            {
                "id":0, 
                "nombre":"Ciudad Doral",
                "position": {
                  "lat":  12.1979064,
                  "lng": -86.3870443
                },
                "horarios": {
                  "lu": "6:00 am 10:00 pm",
                  "ma": "6:00 am 10:00 pm",
                  "mi": "6:00 am 10:00 pm",
                  "ju": "6:00 am 10:00 pm",
                  "vi": "6:00 am 12:00 pm",
                  "sa": "6:00 am 12:00 pm",
                  "do": "6:00 am 10:00 pm"
                }
              },
              {
                "id":0, 
                "nombre":"Ciudad Doral 2",
                "position": {
                  "lat":  12.2027034,
                  "lng": -86.3933417
                },
                "horarios": {
                  "lu": "6:00 am 10:00 pm",
                  "ma": "6:00 am 10:00 pm",
                  "mi": "6:00 am 10:00 pm",
                  "ju": "6:00 am 10:00 pm",
                  "vi": "6:00 am 12:00 pm",
                  "sa": "6:00 am 12:00 pm",
                  "do": "6:00 am 10:00 pm"
                }
              }
          ]  
      },


      {
        "MUNICIPIO":"CHINANDEGA",
          "tiendaId":20,
          "allTiendas":[
            {
                "id":0, 
                "nombre":"El Viejo Chinandega",
                "position": {
                  "lat": 12.6276727,
                  "lng": -87.1347185
                },
                "horarios": {
                  "lu": "6:00 am 10:00 pm",
                  "ma": "6:00 am 10:00 pm",
                  "mi": "6:00 am 10:00 pm",
                  "ju": "6:00 am 10:00 pm",
                  "vi": "6:00 am 12:00 pm",
                  "sa": "6:00 am 12:00 pm",
                  "do": "6:00 am 10:00 pm"
                }
              }
          ]  
      },


      {
        "MUNICIPIO":"CHICHIGALPA",
          "tiendaId":21,
          "allTiendas":[
            {
                "id":0, 
                "nombre":"Chichigalpa",
                "position": {
                  "lat": 12.5713199,
                  "lng": -87.0274984
                },
                "horarios": {
                  "lu": "6:00 am 10:00 pm",
                  "ma": "6:00 am 10:00 pm",
                  "mi": "6:00 am 10:00 pm",
                  "ju": "6:00 am 10:00 pm",
                  "vi": "6:00 am 12:00 pm",
                  "sa": "6:00 am 12:00 pm",
                  "do": "6:00 am 10:00 pm"
                }
              }
          ]  
      },


      {
        "MUNICIPIO":"MATAGALPA",
          "tiendaId":21,
          "allTiendas":[
            {
                "id":0, 
                "nombre":"Matagalpa Darío",
                "position": {
                  "lat": 12.9216377,
                  "lng": -85.9217012
                },
                "horarios": {
                  "lu": "6:00 am 10:00 pm",
                  "ma": "6:00 am 10:00 pm",
                  "mi": "6:00 am 10:00 pm",
                  "ju": "6:00 am 10:00 pm",
                  "vi": "6:00 am 12:00 pm",
                  "sa": "6:00 am 12:00 pm",
                  "do": "6:00 am 10:00 pm"
                }
              }, {
                "id":0, 
                "nombre":"Guanuca",
                "position": {
                  "lat": 12.9303365,
                  "lng": -85.9173798
                },
                "horarios": {
                  "lu": "6:00 am 10:00 pm",
                  "ma": "6:00 am 10:00 pm",
                  "mi": "6:00 am 10:00 pm",
                  "ju": "6:00 am 10:00 pm",
                  "vi": "6:00 am 12:00 pm",
                  "sa": "6:00 am 12:00 pm",
                  "do": "6:00 am 10:00 pm"
                }
              }, {
                "id":0, 
                "nombre":"Matagalpa Progreso",
                "position": {
                  "lat": 12.9210676,
                  "lng": -85.9234174
                },
                "horarios": {
                  "lu": "6:00 am 10:00 pm",
                  "ma": "6:00 am 10:00 pm",
                  "mi": "6:00 am 10:00 pm",
                  "ju": "6:00 am 10:00 pm",
                  "vi": "6:00 am 12:00 pm",
                  "sa": "6:00 am 12:00 pm",
                  "do": "6:00 am 10:00 pm"
                }
              }
          ]  
      },


      {
        "MUNICIPIO":"EL ROSARIO",
          "tiendaId":30,
          "allTiendas":[
            {
                "id":0, 
                "nombre":"Rosario",
                "position": {
                  "lat": 13.1018295,
                  "lng": -86.3656337
                },
                "horarios": {
                  "lu": "6:00 am 10:00 pm",
                  "ma": "6:00 am 10:00 pm",
                  "mi": "6:00 am 10:00 pm",
                  "ju": "6:00 am 10:00 pm",
                  "vi": "6:00 am 12:00 pm",
                  "sa": "6:00 am 12:00 pm",
                  "do": "6:00 am 10:00 pm"
                }
              }
          ]  
      },


      {
        "MUNICIPIO":"MASAYA",
          "tiendaId":40,
          "allTiendas":[
            {
                "id":0, 
                "nombre":"Bosco Monje Masaya",
                "position": {
                  "lat": 11.98043,
                  "lng": -86.0831639
                },
                "horarios": {
                  "lu": "6:00 am 10:00 pm",
                  "ma": "6:00 am 10:00 pm",
                  "mi": "6:00 am 10:00 pm",
                  "ju": "6:00 am 10:00 pm",
                  "vi": "6:00 am 12:00 pm",
                  "sa": "6:00 am 12:00 pm",
                  "do": "6:00 am 10:00 pm"
                }
              },
              {
                "id":0, 
                "nombre":"Carretera Masaya 3 Km13",
                "position": {
                  "lat":12.0856072,
                  "lng":-86.2393311
                },
                "horarios": {
                  "lu": "6:00 am 10:00 pm",
                  "ma": "6:00 am 10:00 pm",
                  "mi": "6:00 am 10:00 pm",
                  "ju": "6:00 am 10:00 pm",
                  "vi": "6:00 am 12:00 pm",
                  "sa": "6:00 am 12:00 pm",
                  "do": "6:00 am 10:00 pm"
                }
              },
              {
                "id":0, 
                "nombre":"El Calvario",
                "position": {
                  "lat":11.9767345,
                  "lng":-86.0939026
                },
                "horarios": {
                  "lu": "6:00 am 10:00 pm",
                  "ma": "6:00 am 10:00 pm",
                  "mi": "6:00 am 10:00 pm",
                  "ju": "6:00 am 10:00 pm",
                  "vi": "6:00 am 12:00 pm",
                  "sa": "6:00 am 12:00 pm",
                  "do": "6:00 am 10:00 pm"
                }
              },
              {
                "id":0, 
                "nombre":"La Estación Masaya",
                "position": {
                  "lat":11.9805516,
                  "lng":-86.0987961
                },
                "horarios": {
                  "lu": "6:00 am 10:00 pm",
                  "ma": "6:00 am 10:00 pm",
                  "mi": "6:00 am 10:00 pm",
                  "ju": "6:00 am 10:00 pm",
                  "vi": "6:00 am 12:00 pm",
                  "sa": "6:00 am 12:00 pm",
                  "do": "6:00 am 10:00 pm"
                }
              },
              {
                "id":0, 
                "nombre":"Carretera Masaya 2",
                "position": {
                  "lat":12.0479534,
                  "lng":-86.231212
                },
                "horarios": {
                  "lu": "6:00 am 10:00 pm",
                  "ma": "6:00 am 10:00 pm",
                  "mi": "6:00 am 10:00 pm",
                  "ju": "6:00 am 10:00 pm",
                  "vi": "6:00 am 12:00 pm",
                  "sa": "6:00 am 12:00 pm",
                  "do": "6:00 am 10:00 pm"
                }
              },
              {
                "id":0, 
                "nombre":"Monte Cielo",
                "position": {
                  "lat":12.0643068,
                  "lng":-86.20381
                },
                "horarios": {
                  "lu": "6:00 am 10:00 pm",
                  "ma": "6:00 am 10:00 pm",
                  "mi": "6:00 am 10:00 pm",
                  "ju": "6:00 am 10:00 pm",
                  "vi": "6:00 am 12:00 pm",
                  "sa": "6:00 am 12:00 pm",
                  "do": "6:00 am 10:00 pm"
                }
              },
              {
                "id":0, 
                "nombre":"Carretera Masaya 1 Km 12.8",
                "position": {
                  "lat":12.1028032,
                  "lng":-86.2512405
                },
                "horarios": {
                  "lu": "6:00 am 10:00 pm",
                  "ma": "6:00 am 10:00 pm",
                  "mi": "6:00 am 10:00 pm",
                  "ju": "6:00 am 10:00 pm",
                  "vi": "6:00 am 12:00 pm",
                  "sa": "6:00 am 12:00 pm",
                  "do": "6:00 am 10:00 pm"
                }
              }
          ]  
      },


      {
        "MUNICIPIO":"SAN JUAN DEL SUR",
          "tiendaId":70,
          "allTiendas":[
            {
                "id":0, 
                "nombre":" San Juan del Sur",
                "position": {
                  "lat":  11.2543639,
                  "lng":  -85.8717446
                },
                "horarios": {
                  "lu": "6:00 am 10:00 pm",
                  "ma": "6:00 am 10:00 pm",
                  "mi": "6:00 am 10:00 pm",
                  "ju": "6:00 am 10:00 pm",
                  "vi": "6:00 am 12:00 pm",
                  "sa": "6:00 am 12:00 pm",
                  "do": "6:00 am 10:00 pm"
                }
              },
              {
                "id":0, 
                "nombre":" San Juan del Sur 2",
                "position": {
                  "lat": 11.2531704,
                  "lng":  -85.8733364
                },
                "horarios": {
                  "lu": "6:00 am 10:00 pm",
                  "ma": "6:00 am 10:00 pm",
                  "mi": "6:00 am 10:00 pm",
                  "ju": "6:00 am 10:00 pm",
                  "vi": "6:00 am 12:00 pm",
                  "sa": "6:00 am 12:00 pm",
                  "do": "6:00 am 10:00 pm"
                }
              }
          ]  
      },


      {
        "MUNICIPIO":"GRANADA",
          "tiendaId":80,
          "allTiendas":[
            {
                "id":0, 
                "nombre":"Granada",
                "position": {
                  "lat":  11.9295112,
                  "lng":  -85.9557371
                },
                "horarios": {
                  "lu": "6:00 am 10:00 pm",
                  "ma": "6:00 am 10:00 pm",
                  "mi": "6:00 am 10:00 pm",
                  "ju": "6:00 am 10:00 pm",
                  "vi": "6:00 am 12:00 pm",
                  "sa": "6:00 am 12:00 pm",
                  "do": "6:00 am 10:00 pm"
                }
              },
              {
                "id":0, 
                "nombre":"Granada 2",
                "position": {
                  "lat": 11.9295112,
                  "lng": -85.9557371
                },
                "horarios": {
                  "lu": "6:00 am 10:00 pm",
                  "ma": "6:00 am 10:00 pm",
                  "mi": "6:00 am 10:00 pm",
                  "ju": "6:00 am 10:00 pm",
                  "vi": "6:00 am 12:00 pm",
                  "sa": "6:00 am 12:00 pm",
                  "do": "6:00 am 10:00 pm"
                }
              }
          ]  
      }



      
]